id,roll_no,name,age
173,1,John Doe,20
174,2,Jane Smith,21
175,3,Michael Johnson,22
176,4,Emily Davis,20
177,5,Daniel Brown,23
178,6,Emma Wilson,21
179,7,Matthew Taylor,22
180,8,Olivia Anderson,20
181,9,David Thomas,23
182,10,Isabella Jackson,21
183,11,James White,22
184,12,Sophia Harris,20
185,13,Alexander Martin,23
186,14,Mia Thompson,21
187,15,William Garcia,22
188,16,Charlotte Martinez,20
189,17,Joseph Robinson,23
190,18,Amelia Clark,21
191,19,Henry Rodriguez,22
192,20,Evelyn Lewis,20
193,21,Samuel Lee,23
194,22,Abigail Walker,21
195,23,Christopher Hall,22
196,24,Harper Allen,20
197,25,Andrew Young,23
198,26,Avery King,21
199,27,Joshua Wright,22
200,28,Scarlett Scott,20
201,29,Anthony Green,23
202,30,Grace Adams,21
203,31,Thomas Baker,22
204,32,Chloe Nelson,20
205,33,Charles Carter,23
206,34,Lily Mitchell,21
207,35,Jonathan Perez,22
208,36,Ellie Roberts,20
209,37,Christian Turner,23
210,38,Zoey Phillips,21
211,39,Jackson Campbell,22
212,40,Penelope Parker,20
213,41,Lucas Evans,23
214,42,Aria Edwards,21
215,43,Elijah Collins,22
216,44,Victoria Stewart,20
217,45,Aiden Sanchez,23
218,46,Addison Morris,21
219,47,Benjamin Rogers,22
220,48,Stella Reed,20
221,49,Logan Cook,23
222,50,Nora Morgan,21
223,1,John Doe,20
224,2,Jane Smith,21
225,3,Michael Johnson,22
226,4,Emily Davis,20
227,5,Daniel Brown,23
228,6,Emma Wilson,21
229,7,Matthew Taylor,22
230,8,Olivia Anderson,20
231,9,David Thomas,23
232,10,Isabella Jackson,21
233,11,James White,22
234,12,Sophia Harris,20
235,13,Alexander Martin,23
236,14,Mia Thompson,21
237,15,William Garcia,22
238,16,Charlotte Martinez,20
239,17,Joseph Robinson,23
240,18,Amelia Clark,21
241,19,Henry Rodriguez,22
242,20,Evelyn Lewis,20
243,21,Samuel Lee,23
244,22,Abigail Walker,21
245,23,Christopher Hall,22
246,24,Harper Allen,20
247,25,Andrew Young,23
248,26,Avery King,21
249,27,Joshua Wright,22
250,28,Scarlett Scott,20
251,29,Anthony Green,23
252,30,Grace Adams,21
253,31,Thomas Baker,22
254,32,Chloe Nelson,20
255,33,Charles Carter,23
256,34,Lily Mitchell,21
257,35,Jonathan Perez,22
258,36,Ellie Roberts,20
259,37,Christian Turner,23
260,38,Zoey Phillips,21
261,39,Jackson Campbell,22
262,40,Penelope Parker,20
263,41,Lucas Evans,23
264,42,Aria Edwards,21
265,43,Elijah Collins,22
266,44,Victoria Stewart,20
267,45,Aiden Sanchez,23
268,46,Addison Morris,21
269,47,Benjamin Rogers,22
270,48,Stella Reed,20
271,49,Logan Cook,23
272,50,Nora Morgan,21
